{
    "0": [
        0,
        1.6034376963310748,
        0.2056637967892602
    ],
    "1": [
        1,
        0.8348581612283705,
        0.42352389623391207
    ],
    "2": [
        2,
        -0.777646732686126,
        0.37137587724771526
    ],
    "3": [
        3,
        -1.5941473307377476,
        0.21793073711766198
    ],
    "4": [
        4,
        -2.4661890426729682,
        0.33439299880262674
    ],
    "5": [
        5,
        2.3403675223109555,
        0.4157620757874667
    ]
}