{
    "0": [
        0,
        1.618184136895924,
        0.11307039816195545
    ],
    "1": [
        1,
        0.7771298861048253,
        0.3365436034421946
    ],
    "2": [
        2,
        -0.7267845993056391,
        0.3681828074876641
    ],
    "3": [
        3,
        -1.5926688431505287,
        0.10247877797775981
    ],
    "4": [
        4,
        -2.709753283162458,
        0.3522567343647264
    ],
    "5": [
        5,
        2.2995040214409124,
        0.3145086534289635
    ]
}