{
    "0": [
        0,
        1.4716845788178172,
        0.4028928314385894
    ],
    "1": [
        1,
        0.8961440813091553,
        0.3976020117311457
    ],
    "2": [
        2,
        -0.664580235403192,
        0.29139454075294635
    ],
    "3": [
        3,
        -1.581336540062872,
        0.15593358380421576
    ],
    "4": [
        4,
        -2.3008337879615923,
        0.1802105501596851
    ],
    "5": [
        5,
        2.5652379704694406,
        0.6303063245598419
    ]
}