{"0": [0, 1.567974814084627, 0.3970214356064487], "1": [1, 0.1337912397734154, 0.6176809599058183], "2": [2, -1.4923518038777976, 0.3851449292383237], "3": [3, -3.1589139000850093, 0.5500065880092101]}