{"0": [0, 1.588562977551668, 0.23553519044033266], "1": [1, 1.0946757201670974, 0.38711054983883375], "2": [2, 0.6049535089499215, 0.3981685322193094], "3": [3, 0.1251314261617518, 0.4180672128796292], "4": [4, -0.4152278837808126, 0.46861754523484944], "5": [5, -1.2276213938787954, 0.24470959959761446], "6": [6, -1.5968929633737063, 0.1068404119270003], "7": [7, -2.1054821619648254, 0.3585497244441278], "8": [8, -2.8496575671092756, 0.418489263440152], "9": [9, -3.3276834760278406, 0.31013746436125483], "10": [10, 2.461720276947245, 0.3649665469740375], "11": [11, 1.9968473484716411, 0.3174620489980887]}