{"0": [0, 1.6263344974665341, 0.10976426145360721], "1": [1, 0.9008744390605625, 0.25806410211381114], "2": [2, 0.159734529604836, 0.29849194144032076], "3": [3, -0.8252393283384609, 0.40407470393304645], "4": [4, -1.593221779349442, 0.09548846930173863], "5": [5, -2.582578293298499, 0.3869879516538593], "6": [6, -3.2677303101574338, 0.30048974970279907], "7": [7, 2.262135755111094, 0.2540458885683471]}