{
    "0": [
        0,
        1.6185081639663632,
        0.11193146089835303
    ],
    "1": [
        1,
        0.8816566670436163,
        0.47859465008335533
    ],
    "2": [
        2,
        0.155137644016789,
        0.385471469401504
    ],
    "3": [
        3,
        -0.8713761759788949,
        0.45466439929809
    ],
    "4": [
        4,
        -1.563815682248472,
        0.12128602647253339
    ],
    "5": [
        5,
        -2.0580080392348545,
        1.5248549250330687
    ],
    "6": [
        6,
        -3.3864612893894437,
        0.6385853454571728
    ],
    "7": [
        7,
        2.2172218477953147,
        0.4230824014471772
    ]
}