{"0": [0, 1.6064171309913655, 0.12035043814061341], "1": [1, 0.1387054321193351, 0.315304265091525], "2": [2, -1.572141437229101, 0.10865609249258353], "3": [3, -3.260901961117443, 0.3288783096601293]}