{"0": [0, 1.5704683128028063, 0.1413001865717738], "1": [1, 0.9842631360013238, 0.3232162436180552], "2": [2, 0.5683999410690693, 0.36050018465023154], "3": [3, -0.30086571919192173, 0.4964497334272806], "4": [4, -1.116484560968592, 0.3041977685420143], "5": [5, -1.6086927454819995, 0.10547922327728827], "6": [6, -2.173758053268655, 0.4683155767044768], "7": [7, -2.8763642565393424, 0.4736573770301507], "8": [8, 2.60111562419045, 0.33913529039161006], "9": [9, 2.073882161514783, 0.30013556571468436]}