{"0": [0, 1.576278143161364, 0.3708400332766098], "1": [1, 0.6943295731499072, 0.6082222839191929], "2": [2, -0.6130232127455578, 0.7263303054498117], "3": [3, -1.4728832210226521, 0.5838711060815612], "4": [4, -1.9786280259639542, 1.791539134494351], "5": [5, 2.1839643695771818, 0.5836633728677955]}