{
    "cly": -0.08010540360123342,
    "djy": 0.03432974308505132,
    "fjl": 0.0426479931411019,
    "gyf": 0.017333877726475988,
    "jyw": 0.045896114049504666,
    "ljy": 0.11490275318899901,
    "lly": -0.0613595357006651,
    "lm": -0.013785347636883882,
    "mhb": 0.06783524565769161,
    "stp": -0.019131798822193957,
    "wsw": -0.039491075843194334,
    "ykh": 0.02016489214951478,
    "ytj": 0.0997677609901153,
    "yxy": 0.050124249971677415,
    "yyq": -0.08214501401702234,
    "zxw": 0.08708440553939911,
    "zyw": -0.01616358579007704
}