{"0": [0, 1.6441391882858238, 0.1555181567463126], "1": [1, 0.7915947193916477, 0.5096600440510322], "2": [2, -0.8720581821333211, 0.26008423865724645], "3": [3, -1.603573465316612, 0.29119140136895194], "4": [4, -2.6251509641773723, 0.2772125331281071], "5": [5, 2.271160971018775, 0.33906478876176804]}