{"0": [0, 1.4883849923771062, 0.1385915426769658], "1": [1, 0.6188744667809252, 0.36376795424588576], "2": [2, -0.8298129391015467, 0.41359738632232385], "3": [3, -1.6175861989857698, 0.13404006459680953], "4": [4, -2.367601147808426, 0.3710301885228277], "5": [5, 2.4720489520569093, 0.4861861720711371]}