{"0": [0, 1.3682283708294563, 0.3495499563870135], "1": [1, 0.5841330083000885, 0.5880007981797637], "2": [2, -0.7448288766104747, 0.25180263908288425], "3": [3, -1.660245612039318, 0.24838109058893104], "4": [4, -2.4938959065288726, 0.4127699623624102], "5": [5, 2.2668367740996804, 0.3119706738971308]}