{"0": [0, 1.4514860482390364, 0.3713214589040409], "1": [1, 0.6918694777910649, 0.43416638626780113], "2": [2, -0.49494384678741, 0.39679854829501643], "3": [3, -1.5481813811675658, 0.6255041310039544], "4": [4, -2.803046540438698, 0.2581751601240363], "5": [5, 2.4154294894584183, 0.23823550766121024]}