{"0": [0, 1.5334715595470778, 0.19103546116533823], "1": [1, 0.40971652293050465, 0.8496546698324454], "2": [2, -0.6239949408186626, 0.19322493354835488], "3": [3, -1.4613038729535341, 0.8053591621082153], "4": [4, -2.6020600702536587, 0.20553682321531505], "5": [5, 2.618166885190365, 0.4459017866147109]}