{"0": [0, 1.511557611792549, 0.30925476724187745], "1": [1, 0.8177461145731449, 0.497117217711544], "2": [2, -0.5272096499019787, 0.9570112337211777], "3": [3, -1.3337469317025024, 0.9178629972533578], "4": [4, -2.609836585104047, 0.4413977486134113], "5": [5, 2.4896069679236965, 0.46369188121598903]}