{"0": [0, 1.5709232295114977, 0.2703957487266252], "1": [1, 0.6570521405111374, 0.388764663235539], "2": [2, -0.48539478618724047, 0.43663810683547827], "3": [3, -1.4422059853554425, 1.1246414048047502], "4": [4, -2.616726861012063, 0.1847708232278883], "5": [5, 2.5368156381692244, 0.25690081551951915]}