{"0": [0, 1.5784818187484921, 0.14465914279769845], "1": [1, 1.1270033508265862, 0.19456751499435254], "2": [2, -1.140550714534633, 0.17382158214419446], "3": [3, -1.5825994031433872, 0.29243905575645035], "4": [4, -2.153690231280305, 0.5896481943575596], "5": [5, 2.2078148438485448, 0.3579123398018136]}