{"0": [0, 1.6076989805422195, 0.28551104306305475], "1": [1, 0.8060178404741724, 0.5244408473850147], "2": [2, -0.7581694018856348, 0.5615623969574465], "3": [3, -1.6583780716948344, 0.3043303615511397], "4": [4, -2.453567798127482, 0.5691478600591529], "5": [5, 2.2452339648471, 0.45140642916339874]}