{"0": [0, 1.5348879182328778, 0.26864569476035305], "1": [1, 0.8899896625168857, 0.4996032245759157], "2": [2, -0.583231549000532, 0.3585364322620001], "3": [3, -1.5535296580002207, 0.08437683315420556], "4": [4, -2.2116715156384186, 0.2580198937550313], "5": [5, 2.59172775573177, 0.4301286481304366]}