{"0": [0, 1.600863928805223, 0.44940638253546505], "1": [1, 0.45968679226128506, 0.38672205480069566], "2": [2, -0.810594152157024, 0.6980446824454208], "3": [3, -1.5920755905635768, 0.1947903192778456], "4": [4, -2.515305784037223, 0.6558129192616496], "5": [5, 2.193796635282383, 0.7149747566841619]}