{"0": [0, 1.5748834693985487, 0.0971789915054927], "1": [1, 0.6797609966835789, 0.339445368669861], "2": [2, -0.6150400300296561, 0.20667223558315195], "3": [3, -1.6278672120628446, 0.13484882637120468], "4": [4, -2.589531389896355, 0.10330726134328629], "5": [5, 2.4759915811469027, 0.6956639700115993]}