{"0": [0, 1.362891787314342, 0.18534472906843766], "1": [1, 0.824356237140077, 0.622672143579404], "2": [2, -0.982160692258019, 0.5870128804475118], "3": [3, -1.695771087142795, 0.3233381124291993], "4": [4, -2.3861697971261266, 0.31149008624875374], "5": [5, 2.2193541960995455, 0.5343299417160781]}