{"0": [0, 1.6340249881582976, 0.05268539287396403], "1": [1, 0.8691118787703133, 0.36034915739075957], "2": [2, -0.8129895083146935, 0.3001340865766011], "3": [3, -1.5569328341082556, 0.09630734624155655], "4": [4, -1.80598005386388, 0.48622728184558633], "5": [5, 2.8667124714060126, 0.915928316253667]}