{"0": [0, 1.634294442843551, 0.13674833435025271], "1": [1, 0.878100082052874, 0.33883333924340137], "2": [2, -0.6472346344346965, 0.3341168155753596], "3": [3, -1.6546698075710888, 0.26689981516866595], "4": [4, -2.6078177663224515, 0.20384358393866175], "5": [5, 2.4436357619718123, 0.4989722315406106]}