{"0": [0, 1.7239712196467947, 0.2390576308210351], "1": [1, 1.0031073684018135, 0.8417448884442101], "2": [2, -0.7721700075882686, 0.8829603947524978], "3": [3, -1.6996591703374053, 0.9778311160459634], "4": [4, -2.133101511656934, 0.6522194212912836], "5": [5, 2.3283301050933645, 0.7955478512517822]}