{"0": [0, 1.5310518253062766, 0.29849129949500325], "1": [1, 0.6171369969621084, 0.2454934825843813], "2": [2, -0.3533745938894094, 1.084661034657409], "3": [3, -1.5034001239504136, 0.48529506699877567], "4": [4, -2.8247996763112884, 0.18088260386331176], "5": [5, 2.752580738391605, 0.20643868020935177]}