{"0": [0, 1.636248060903532, 0.19308614197388496], "1": [1, 1.1266330073299575, 0.6169544196811619], "2": [2, -0.7389350108046009, 0.7116263293539762], "3": [3, -1.5381053586692586, 0.517331851869174], "4": [4, -2.0259998579687437, 0.5595036752228508], "5": [5, 2.522184664748769, 0.8817740793248551]}