{"0": [0, 1.5671211360244306, 0.15213547601536911], "1": [1, 0.9397711582205898, 0.6756569600778999], "2": [2, -0.488834690245756, 0.5732176547816709], "3": [3, -1.483489965476013, 0.10013950534232131], "4": [4, -2.2023305394117108, 0.17521125587544584], "5": [5, 2.833478144450417, 0.8187468843276988]}