{"0": [0, 1.230733945498037, 0.8854194074833479], "1": [1, 0.16089881640863612, 0.8412723899163671], "2": [2, -0.6110689410255766, 0.8505653337587432], "3": [3, -1.2253770079541504, 1.2380092971547143], "4": [4, -2.3340154503864317, 1.0738116438544079], "5": [5, 2.76433070632873, 1.0397934965271]}