{"0": [0, 1.687697705504943, 0.1531662688462805], "1": [1, 1.168825359708233, 0.2722525995110083], "2": [2, -1.0569265323472066, 0.1965386648565218], "3": [3, -1.4927558034516613, 0.14995156527109002], "4": [4, -2.2021312745021, 0.15303369728868924], "5": [5, 2.0534395105130847, 0.0958141225391971]}