{"0": [0, 1.4831327026568484, 0.16328020333404678], "1": [1, 0.9416109653464366, 0.4224925786431333], "2": [2, -0.6192044262945208, 0.9546608377563168], "3": [3, -1.0866544190880891, 1.2600406142888025], "4": [4, -2.501217495970842, 0.7501663942224908], "5": [5, 2.178725748988351, 0.7239259354777507]}