{"0": [0, 1.5581760425922193, 0.5131561126831978], "1": [1, 1.1551119238707166, 0.2880469982793265], "2": [2, -0.83888740718349, 0.5474933200199505], "3": [3, -1.5591927408239394, 0.410957445691581], "4": [4, -2.1352270935220816, 0.23791171913073836], "5": [5, 2.3248983534793615, 0.7548804648668397]}