{"0": [0, 1.5478013027635018, 0.1274122177449826], "1": [1, 0.9994736064941853, 0.53404732376981], "2": [2, -0.9530539914476805, 0.35002048489715476], "3": [3, -1.5753927778800678, 0.07553495466424248], "4": [4, -2.1801874511708483, 0.282898396406805], "5": [5, 2.2099583038003705, 0.3401293038293989]}