{"0": [0, 1.5705597592504448, 0.20121681883209408], "1": [1, 0.8347496930011784, 0.29419795826358813], "2": [2, -0.8712185821136744, 0.2791037395906887], "3": [3, -1.5391541027837214, 0.13678174342809873], "4": [4, -2.4463522470412244, 0.3368050775811408], "5": [5, 2.1962462510835787, 0.22401737128093932]}