{"0": [0, 1.7157345377095947, 0.26905240734657127], "1": [1, 0.7392647314161073, 0.5482321059087151], "2": [2, -0.6366553133543373, 0.5063510421382955], "3": [3, -1.5440655258646951, 0.2020835572697034], "4": [4, -2.6683999543187054, 0.359349798992844], "5": [5, 2.4071763136935616, 0.27705442142087977]}