{"0": [0, 1.6029970016747777, 0.07823104575654043], "1": [1, 0.8106568127743717, 0.14461314377021603], "2": [2, -0.6180004192773014, 0.4823816414087282], "3": [3, -1.595402158579516, 0.09922082881124793], "4": [4, -2.395152126060205, 0.14493765825638258], "5": [5, 2.6012764521277396, 0.6017533249081286]}