{"0": [0, 1.7004357871536764, 0.1198275112633475], "1": [1, 0.862711535553507, 0.7861834152663534], "2": [2, -0.509764840281957, 0.6120054098747056], "3": [3, -1.5398508146801022, 0.09156154144125402], "4": [4, -2.5604048550266567, 0.41675713856894403], "5": [5, 2.330118645335352, 0.42035234626631474]}