{"0": [0, 1.5423622734224316, 0.32058474411202653], "1": [1, 0.9252737273235901, 0.7823006004917606], "2": [2, -0.9070154968211008, 0.552516872291366], "3": [3, -1.55107519026333, 0.16530084695581942], "4": [4, -2.43389605760383, 0.22435442733832434], "5": [5, 2.5093635771017775, 0.7588881759400499]}