{"0": [0, 1.6172135886544101, 0.24080003388454455], "1": [1, 0.9749510521099972, 0.6875885460759049], "2": [2, -0.8314189903273358, 0.2967854674816669], "3": [3, -1.916253243545705, 1.1619192522565849], "4": [4, -2.558761204140759, 0.8467176682522812], "5": [5, 2.343073518466472, 0.3203390117273532]}