{"0": [0, 1.837023015119924, 0.7453914014681946], "1": [1, 0.9355191501427953, 0.38832952334741794], "2": [2, -0.8746477288296463, 0.22919601683673446], "3": [3, -1.5915310767473299, 0.1507614971757211], "4": [4, -2.2573776244249038, 0.19239276918488044], "5": [5, 2.5069356201281883, 0.7349329242930416]}