{"0": [0, 1.6011023389190133, 0.4437352886732272], "1": [1, 1.1684416510620352, 0.22024397573345914], "2": [2, -1.1467216159116442, 0.21947250573088004], "3": [3, -1.5749796359422215, 0.10177176930193026], "4": [4, -2.148426167654351, 0.22970041150960901], "5": [5, 2.0557745646324532, 0.4014613106498575]}