{"0": [0, 1.638674893866445, 0.40083292393200165], "1": [1, 0.915218209689044, 0.5660429586690991], "2": [2, -0.7461077196406934, 0.3585629918231413], "3": [3, -1.518123190650259, 0.41848965936293336], "4": [4, -2.6395921988230926, 0.25885209966523604], "5": [5, 2.273097258866826, 0.2547906913634122]}