{"0": [0, 1.4585476478327488, 0.11846650359435433], "1": [1, 0.924829616856354, 0.9416605350112623], "2": [2, -1.0433973725413817, 0.903945259962422], "3": [3, -1.5825875617964789, 0.40323095407139625], "4": [4, -2.145656952166625, 0.3184079560331243], "5": [5, 2.412092497885972, 1.1444250915948584]}