{"0": [0, 1.479256425648604, 0.07615449903024706], "1": [1, 0.6760804255032971, 0.04189023334584229], "2": [2, 0.18475924318811807, 0.04858343075575862], "3": [3, -0.5024869110231492, 0.3275125860785105], "4": [4, -0.35502653590328515, 1.1763144072623328], "5": [5, -1.6029262307843974, 0.03197592334477052], "6": [6, -2.380384248797023, 0.0728530812505393], "7": [7, -2.9503044478870972, 0.07485039895614705], "8": [8, 2.9119905249434317, 0.07549459161864795], "9": [9, 2.312359831326991, 0.30688439056116357]}