{"0": [0, 1.568558330044116, 0.03309547501095574], "1": [1, 0.7300195652110854, 0.0435161409985551], "2": [2, -0.5169832015786805, 0.10718504192925052], "3": [3, -1.509887037070558, 0.03258527075055084], "4": [4, NaN, NaN], "5": [5, 2.679531776303011, 0.11588398025287998]}