{"0": [0, 1.5252792736306746, 0.07267845217512475], "1": [1, 0.42485694628715587, 0.08580500220730533], "2": [2, -0.6767729455691074, 0.16811430247264092], "3": [3, -1.570115205100795, 0.04157269498797821], "4": [4, -2.531785564640809, 0.10655122997907047], "5": [5, 2.357041140163946, 0.1407801971935243]}