{"0": [0, 1.7169985709111388, 0.03323044943972925], "1": [1, 1.4138993545369025, 0.10173855379720562], "2": [2, 0.5114788879964391, 0.1407673164884914], "3": [3, 0.28045480938208417, 0.19091738681624626], "4": [4, -0.3243083758141762, 0.1804114781823197], "5": [5, -1.2073651675017767, 0.10857654253335083], "6": [6, -1.4661950100986927, 0.036371343462134886], "7": [7, -1.6902106665795504, 0.07653859003080751], "8": [8, -2.2512836981124407, 0.4891876389615811], "9": [9, -3.1554075721868036, 0.2272306908964473], "10": [10, 2.412439080198484, 0.21336928588016218], "11": [11, 2.0244059536647923, 0.17391939165723577]}