{"0": [0, 1.7247953864538679, 0.03959103371959694], "1": [1, 0.9481759779882287, 0.10759110814670954], "2": [2, -0.10063922384416386, 0.4326340153289496], "3": [3, -0.9763420313690542, 0.16032310517843845], "4": [4, -1.5918661347000735, 0.007360519421831686], "5": [5, -2.597588582119694, 0.15664427537456493], "6": [6, -3.3359136345599483, 0.09595439471563226], "7": [7, 2.4873964275045406, 0.40817878654401396]}