{"0": [0, 1.6988228684215467, 0.037783917602223195], "1": [1, 0.1645579876977823, 0.19305774643229043], "2": [2, -1.6140818671388828, 0.09295360775193574], "3": [3, -3.369878862316854, 0.14968239422769286]}