{"0": [0, 1.5844949976023546, 0.032316619752634], "1": [1, 0.2133615710288236, 0.24221930834422403], "2": [2, -1.5448015614211767, 0.05321379712777916], "3": [3, -3.1477384529290386, 0.10319352901837188]}