{"0": [0, 1.652116642926176, 0.0374434464058415], "1": [1, -0.08665382202533392, 0.23164338662380743], "2": [2, -1.5038994866248305, 0.035857611022208136], "3": [3, -2.932910578773482, 0.2776178183319913]}