{"0": [0, 1.601133317396247, 0.03255233394056458], "1": [1, 0.6779337981106958, 0.12941015731656433], "2": [2, 0.14262375182115394, 0.1193117096999607], "3": [3, -0.9275701442289147, 0.09836211619860595], "4": [4, -1.488927606778397, 0.018969390479165488], "5": [5, -2.243467820885675, 0.1049141227553812], "6": [6, -3.140271620551569, 0.23171669185949817], "7": [7, 2.3482592791475243, 0.0922108771640812]}