{"0": [0, 1.5786494216147913, 1.8875771734850924], "1": [1, 0.526949836464825, 0.47831233805508006], "2": [2, -1.3397067968644412, 1.4334218477011678], "3": [3, 2.066047274048038, 1.0570349147523954], "4": [4, -0.875200634770427, 2.407094811159148], "5": [5, 0.7031488163140553, 1.3637997167565334], "6": [6, -0.16326633813186217, 1.362745545156437], "7": [7, -1.915570698058018, 1.4625378368629252], "8": [8, 3.4500071786091424, 1.2963786492652438], "9": [9, 2.598094065821919, 2.1905800327328113]}