{"0": [0, 1.7952748491269783, 0.08831510442892711], "1": [1, 1.3076907169198133, 0.09804554758491174], "2": [2, -0.18744443007419545, 0.26522803704768794], "3": [3, -0.8608454993873199, 0.5248646904904312], "4": [4, -1.6670542356032219, 0.031159834953401733], "5": [5, -2.4191811831766743, 0.14891227299698057], "6": [6, -2.9578764612230244, 0.2577804539894995], "7": [7, 2.2087035611094414, 0.21173247762809572]}