{"0": [0, 1.7043433038724747, 0.04309917452751173], "1": [1, 0.8822603938183387, 0.20362001710648217], "2": [2, 0.17051195937397115, 0.09254325632519289], "3": [3, -0.7313514871074835, 0.22909685058259885], "4": [4, -1.4343526977343992, 0.05962301255155019], "5": [5, -2.41826547202751, 0.27514316973313374], "6": [6, -3.5308185064776394, 0.1482131387845289], "7": [7, 2.1517561595136865, 0.05852452697357695]}