{"0": [0, 1.6457537379786564, 0.10298177972131992], "1": [1, -0.2896464167791601, 0.1639199252229434], "2": [2, -1.3775071468111548, 0.22914672677293357], "3": [3, -3.959884792103718, 0.4623906494945602]}