{"0": [0, 1.5544205601182206, 0.027879058870793352], "1": [1, 1.2286155032229051, 0.07865134402506711], "2": [2, 0.7731337554017979, 0.15888854947255668], "3": [3, 0.3303775353681965, 0.10960618505584593], "4": [4, -0.3298381922153566, 0.29111458706989735], "5": [5, -1.119508354227126, 0.17936010648107234], "6": [6, -1.570115440548074, 0.021827782506446198], "7": [7, -2.074841761163728, 0.05928959226951514], "8": [8, -2.6039247626178708, 0.1575215164637982], "9": [9, -3.008358405317272, 0.11628020340926956], "10": [10, 2.7114499955350806, 0.146780927533489], "11": [11, 2.08878838659327, 0.1091002173625066]}