{"0": [0, 1.5207026288904353, 0.04629670027665485], "1": [1, 0.8787774292616678, 0.03946241456672531], "2": [2, 0.20426834494747728, 0.20084838103095318], "3": [3, -0.7467692351201577, 0.2957131839067216], "4": [4, -1.7199781122547222, 0.03277953831801717], "5": [5, -2.745811590475848, 0.0539633418496591], "6": [6, -3.557676421989132, 0.0750298360169053], "7": [7, 2.103083155328237, 0.08566919207629543]}