{"0": [0, 1.625193844013242, 0.06373297057352478], "1": [1, 1.0917259855045365, 0.10732335157447788], "2": [2, 0.859239012675671, 0.35446915155477504], "3": [3, 0.4546735693308229, 0.6964347166763738], "4": [4, -0.8061920277014809, 0.29691983435475044], "5": [5, -1.6706249517710567, 0.028743171706995727], "6": [6, -2.9190050289695626, 0.33537152560672734], "7": [7, -3.4454280361288028, 0.18322702043375896], "8": [8, 2.1610366412311683, 0.35469354954022414], "9": [9, 2.0757321521367116, 0.43429353338987137]}