{"0": [0, 1.7117769515150223, 0.05187982574022252], "1": [1, 1.1890413698318079, 0.16752473790292674], "2": [2, 0.732234532720791, 0.07295031899866006], "3": [3, 0.18486813357679668, 0.1638920779074875], "4": [4, -0.315945520964317, 0.35749160849527556], "5": [5, -1.3433509621893076, 0.07948551902292966], "6": [6, -1.501043164069618, 0.026062699007145217], "7": [7, -2.0318278910895264, 0.25063873850604007], "8": [8, -2.9990974706267357, 0.1964825401696124], "9": [9, -3.4014528400259882, 0.08989000040425323], "10": [10, 2.3042022258160726, 0.17154853165246958], "11": [11, 1.9751321849176808, 0.06704122635123712]}