{"0": [0, 1.46468105878688, 0.15502622130803823], "1": [1, 0.7774966778432473, 0.16829777412099595], "2": [2, -0.10729283452516525, 0.12694482781758437], "3": [3, -0.4916525502001375, 0.6410335765973383], "4": [4, -1.5143658783459577, 0.1854327529909501], "5": [5, -3.197102027523204, 0.6010197385154653], "6": [6, -3.3769975352376718, 0.18604776166008724], "7": [7, 2.4029250678188805, 0.13978518498432163]}