{"0": [0, 1.4803894823278994, 0.18120535620303382], "1": [1, 0.12597180635181934, 1.8741044816211738], "2": [2, -0.3484492316138649, 1.5066032588001674], "3": [3, -1.5208938317964542, 1.3842448443076814]}