{"0": [0, 1.5563301707561532, 0.031345422832675184], "1": [1, 1.1943045784351924, 0.07725842843603475], "2": [2, 0.6656070064874751, 0.10226177372254369], "3": [3, -0.3289907903666333, 0.13989518755698022], "4": [4, -1.018494955695781, 0.08629261814274151], "5": [5, -1.54121764350203, 0.04014079072228723], "6": [6, -2.0410662459580573, 0.038488301438697935], "7": [7, -2.367798994605466, 0.19746524293993648], "8": [8, 2.5957123848847123, 0.10849795138582631], "9": [9, 2.079938772916024, 0.0503795767374628]}