{"0": [0, 1.8186032851430176, 0.056992368268390714], "1": [1, 0.37452685999208507, 0.42242339442943666], "2": [2, -0.09165920662061433, 1.5954264570681616], "3": [3, -2.2358226803196413, 1.382074309005004], "4": [4, NaN, NaN], "5": [5, 1.5787998368575757, 1.0089630844795952]}