{"0": [0, 1.6779296213473578, 0.024359023230566622], "1": [1, 0.9466442232822168, 0.10139300445779692], "2": [2, -0.6224156745446334, 0.30959333767140923], "3": [3, -1.4548695601496788, 0.04854484360716049], "4": [4, -2.3200192577370085, 0.3459392784610327], "5": [5, 2.2078923109038344, 0.06305606649494935]}