{"0": [0, 1.6059871777866483, 0.008576870335565872], "1": [1, 1.1273508023697723, 0.060103049396568575], "2": [2, 0.08102413454067672, 0.19037191283473628], "3": [3, -0.07183253243122982, 0.17569689123469173], "4": [4, -1.57953801474508, 0.04305210836561767], "5": [5, -2.6847957109141376, 0.2490037531289189], "6": [6, -3.3778541355865657, 0.3975073714481044], "7": [7, 2.3167983304439907, 0.225502719495831]}