{"0": [0, 1.408956274885396, 0.2547832457632362], "1": [1, 0.39727698740280576, 0.6715417640706507], "2": [2, -0.22772906293017336, 0.3106393593065473], "3": [3, -0.43740830837402117, 0.491335003904188], "4": [4, -0.8861030850594102, 0.15287934022827657], "5": [5, -1.2861890939362357, 0.1385810041294963], "6": [6, -1.5208158422012261, 0.0931112307742499], "7": [7, -1.744262513513131, 0.15369093252434793], "8": [8, -2.7792023986037946, 0.2744010442011576], "9": [9, -3.0718459570312455, 0.332944058953207], "10": [10, 2.8068547959908825, 0.3256758528023787], "11": [11, 2.2174804691205754, 0.19017883930159313]}