{"0": [0, 1.5415933207091133, 0.05333107659945344], "1": [1, 0.7893385498015157, 0.09581291029041228], "2": [2, -0.4534904153209422, 0.33522923833826074], "3": [3, -1.7079738571130947, 0.030126411658442848], "4": [4, -3.0737223170455374, 0.12127020014195428], "5": [5, 1.9463531270404157, 0.2705751709182556]}