{"0": [0, 1.5121931305287895, 0.08716818202164962], "1": [1, 1.2559657564644024, 0.06881010417736334], "2": [2, 0.5491182666337486, 0.25310102994996103], "3": [3, 0.30118394481733357, 0.3947288850314443], "4": [4, -0.37846465253050543, 0.5335271834798067], "5": [5, -1.151578440721303, 0.19301117627640102], "6": [6, -1.5471636092121182, 0.07467970855649304], "7": [7, -2.292662478098115, 0.2235314663517553], "8": [8, -3.125821054524925, 0.13632645734967125], "9": [9, -3.443255776482437, 0.17394030555765486], "10": [10, 2.7095812725783466, 0.24757663558334253], "11": [11, 2.0580757790293647, 0.2157466380974131]}