{"0": [0, 1.5857208191805363, 0.07691645173335475], "1": [1, 1.0094003632194941, 0.14224764421811475], "2": [2, 0.8275245393387601, 0.38320802006485066], "3": [3, 0.4499022119435668, 0.14909766946107364], "4": [4, 0.02518990612317894, 0.14771339220090313], "5": [5, -0.8328055282326124, 0.5397656520542112], "6": [6, -1.734823807590855, 0.0575818473326812], "7": [7, -2.85052913453862, 0.29059009195391977], "8": [8, -3.1582499727824747, 0.18526211131471967], "9": [9, -3.510917548600639, 0.05993603852152009], "10": [10, 1.9393291307651712, 0.13694609668280455], "11": [11, 1.6897351171113377, 0.04242692144032209]}