{"0": [0, 1.6038564931667956, 0.07319401853961174], "1": [1, 0.15935749013155212, 0.1843353731570913], "2": [2, -1.6945690329197245, 0.05454439345401148], "3": [3, -3.5231288026465166, 0.29224743315479373]}