{"0": [0, 1.5284811455565146, 0.11163256992936127], "1": [1, 1.028450337887827, 0.1602175452139689], "2": [2, 0.5353695976629368, 0.06336806829956652], "3": [3, -0.008310515994992836, 0.07350911260890113], "4": [4, -1.2410781271418732, 0.25850538173096427], "5": [5, -0.96667982997128, 1.208326585858216], "6": [6, -1.4252932538638632, 1.3143131095354639], "7": [7, -2.6692181128345736, 0.32332519506954155], "8": [8, 2.6472313803973324, 0.20759771661609008], "9": [9, 2.0754629740838846, 0.1550178604596662]}