{"0": [0, 1.5846055068448606, 0.035372412145619064], "1": [1, 1.2552259818456613, 0.1464864420025622], "2": [2, 0.9935946685330059, 0.15179014340174846], "3": [3, -0.8289477475469784, 0.2570836244565525], "4": [4, -1.0640737629797592, 0.4210287296365982], "5": [5, -1.5529827298003038, 0.03214537549455111], "6": [6, -1.965606917303757, 0.1097483187080231], "7": [7, -2.674816695885027, 0.15927834345143327], "8": [8, 2.4815003695316498, 0.3931000169498635], "9": [9, 1.8847290346385255, 0.1778147822797536]}