{"0": [0, 0.09640883719822968, 1.5682467682508376], "1": [1, -0.4640035650966528, 1.2993041577976174], "2": [2, -1.2603497176476472, 2.4360104858711433], "3": [3, 1.294312729047447, 1.4531962449042144], "4": [4, -1.68638290951662, 1.7956507823333012], "5": [5, 0.7158038886487343, 1.5740893541076226], "6": [6, -0.07575392674953668, 1.5685553999177104], "7": [7, -2.3971960572973265, 1.9300589635821839], "8": [8, -1.4390363814885023, 1.3171351366955288], "9": [9, -2.0266817507067687, 2.454823265990134], "10": [10, 1.9349051180468262, 2.8810149819568434], "11": [11, 3.064846072905067, 1.7998202754113506]}