{"0": [0, 1.6303225493866702, 0.10659747398948499], "1": [1, 1.0245371920397157, 0.1410891882416373], "2": [2, 0.5419295319288958, 0.5243696203353888], "3": [3, -0.4791778700013726, 0.7630707470682793], "4": [4, -1.7351494884464198, 0.05677134877512184], "5": [5, -2.959935007081563, 0.11009295152256691], "6": [6, -3.2803540575201424, 0.5837037382023592], "7": [7, 2.0841045362563646, 0.22063616452280135]}