{"0": [0, 1.629218201383431, 0.03519877467829775], "1": [1, 0.5214712552485758, 0.10082152372074597], "2": [2, -0.9657862045598608, 0.07378183780126335], "3": [3, -1.4934031425472973, 0.03827714712088554], "4": [4, -2.4111239746175235, 0.1950332117672021], "5": [5, 2.4313527342783052, 0.058900046603158035]}