{"0": [0, 1.769659410259878, 0.05481556970449464], "1": [1, -0.12307695641625176, 0.22062654599842915], "2": [2, -1.5255652459669768, 0.05851230481903137], "3": [3, -2.943829281177505, 0.4020872135518214]}