{"0": [0, 1.3201467142360275, 0.0032518552348443593], "1": [1, 0.3344347047952988, 0.6157277904430432], "2": [2, -1.707282805096987, 0.07999671995765141], "3": [3, -2.8257143682270778, 0.17013016768298048]}