{"0": [0, 1.7041249429051226, 0.07901994325193061], "1": [1, 0.6662067774507168, 0.15902922721788676], "2": [2, -0.808320448904912, 0.25356813266930134], "3": [3, -1.5636393438374554, 0.09219896912893119], "4": [4, -2.743017646500541, 0.15320784554540434], "5": [5, 2.3816983140126906, 0.23937147811317766]}