{"0": [0, 1.714844329610153, 0.06258802271846033], "1": [1, 0.585037945560987, 0.1272491266206395], "2": [2, 0.19851587026854373, 0.056756596935643375], "3": [3, -1.0866101009059377, 0.11908728020977902], "4": [4, -1.5910937392941558, 0.0523063067505429], "5": [5, -2.830177485023506, 0.07318420479250684], "6": [6, -3.2332331366810925, 0.06988833589264698], "7": [7, 2.193907058000329, 0.13443222415059347]}