{"0": [0, 1.4981974114037235, 0.09427223693640548], "1": [1, 1.0659011943818504, 0.10777216301827534], "2": [2, 0.6248864030682147, 0.2834841102071807], "3": [3, -0.29860147447291063, 0.5421716650725193], "4": [4, -1.1747619929351596, 0.3597868236070506], "5": [5, -1.7612549903040666, 0.08057537859119768], "6": [6, -2.238183556846453, 0.5764052170517838], "7": [7, -3.048827423863352, 0.31303055183749173], "8": [8, 2.2952953226200226, 0.1165560966332451], "9": [9, 2.0977255826846957, 0.6055972853558469]}