{"0": [0, 1.622540282270668, 0.11893386017351085], "1": [1, 1.0531738326492988, 0.15762437451081], "2": [2, 0.1602394924715544, 0.07913159999341934], "3": [3, -0.5211797169168126, 0.1591223798638625], "4": [4, -1.2714189013768498, 0.04995397937631186], "5": [5, -1.4494600163291467, 0.017786285726374078], "6": [6, -1.7503867467323837, 0.11335781184607933], "7": [7, -2.554512659075365, 0.4231138675645731], "8": [8, 2.656454389526581, 0.15712525008161882], "9": [9, 2.018085371526184, 0.07061325123259982]}