{"0": [0, 1.5493098246200703, 0.09732865444145901], "1": [1, 0.12906883674939437, 0.2605072714470506], "2": [2, NaN, NaN], "3": [3, -3.4104365931938894, 0.11450363491815217]}