{"0": [0, 1.6096692101359884, 0.03732316382535431], "1": [1, 0.9273117055468697, 0.12373649107232385], "2": [2, 0.17834759159506017, 0.13451281032084625], "3": [3, -1.026702869669667, 0.25788043178196135], "4": [4, -1.5187751489517884, 0.03503018987405986], "5": [5, -2.187323366092617, 0.22316656196373083], "6": [6, -3.790859083609631, 1.0625585027937892], "7": [7, 1.4794138080492973, 1.2580097472284573]}