{"0": [0, 1.7908957418108917, 0.07541761693641219], "1": [1, 0.9034650665107513, 0.19268248364899004], "2": [2, 0.510442435050172, 0.05289873215754977], "3": [3, -0.22843014235032802, 0.1397846866372234], "4": [4, -1.2575068628941364, 0.07620668518369282], "5": [5, -1.5507802129850874, 0.0866436060884942], "6": [6, -2.0154908130577587, 0.0733268378047705], "7": [7, -2.839434904325767, 0.08449324091885145], "8": [8, 2.6811312874169646, 0.18681798581350148], "9": [9, 1.944421515686964, 0.07600528544466208]}