{"0": [0, 1.7981751059810152, 0.13092014802980068], "1": [1, 0.21236805121025965, 0.09995265788031606], "2": [2, -1.5871726700824529, 0.05686785471842202], "3": [3, -3.3199342479090985, 0.04016774157904703]}