{"0": [0, 1.5023373600584027, 0.11813633914992518], "1": [1, -0.009615156684415623, 0.05159116290143477], "2": [2, -1.5298043930762022, 0.05299853064646557], "3": [3, -3.213038746688313, 0.02650854178403987]}