{"0": [0, 1.607561732420035, 0.09748050838982679], "1": [1, 1.0520143658942152, 0.11097256278968808], "2": [2, 0.776020606155934, 0.2756802529920199], "3": [3, -0.041897254452972627, 0.6491010355330005], "4": [4, -1.0410233595280451, 0.49986565054425175], "5": [5, -1.6196251541492175, 0.05082065453797154], "6": [6, -2.119868326487482, 0.07265621498138947], "7": [7, -3.9468261322411102, 1.0010471862367691], "8": [8, 2.876441129243149, 0.28982763023583424], "9": [9, 2.045935378807503, 0.18656205885835658]}