{"0": [0, 1.6136748524322695, 0.026903946055395197], "1": [1, 1.0939384700407795, 0.06969189144870583], "2": [2, -1.075106081664264, 0.09656622996202018], "3": [3, -1.5490692329972906, 0.02121299753620386], "4": [4, -2.7832395756373183, 0.5244000422082433], "5": [5, 2.1915703413497716, 0.13165063308451372]}