{"0": [0, 1.606000557522671, 0.04699647251008975], "1": [1, 0.9999048940664108, 0.08560446846740097], "2": [2, 0.5496252284779777, 0.3528036410155025], "3": [3, -0.5964591688202254, 0.4947248158716007], "4": [4, -1.6710696059837173, 0.05425449261365712], "5": [5, -2.996044796850672, 0.16743001657274523], "6": [6, -3.2218417797586687, 0.09916102777534339], "7": [7, 2.196764025975832, 0.29008119777848684]}