{"0": [0, 0.8731172658059336, 1.1469030930724409], "1": [1, 0.8420703171810221, 1.2374639694793277], "2": [2, -0.09377729447989917, 1.0828604026785957], "3": [3, -1.009122576667643, 1.249462623664705], "4": [4, -2.573392769253307, 0.1913677041535963], "5": [5, 1.7496513043040303, 1.075781755788344]}