{"0": [0, 1.562339793336136, 0.015315711931921844], "1": [1, 0.9918609219497692, 0.1313224439187165], "2": [2, 0.20714448828613746, 0.08521967113677885], "3": [3, -0.8932342885578959, 0.1761687719910652], "4": [4, -1.5528704770844968, 0.018625675833489952], "5": [5, -2.104884174662228, 0.20752986937785034], "6": [6, -3.0848058499071316, 0.2866794642891743], "7": [7, 2.467970595522525, 0.12767971204635112]}