{"0": [0, 1.641765009206982, 0.047059890519261904], "1": [1, 1.0993845019505186, 0.14267675398106333], "2": [2, 0.5571362856358524, 0.13409062918237305], "3": [3, 0.31434789663820306, 0.2543677373173595], "4": [4, -0.6853331424560156, 0.29682894100332147], "5": [5, -1.23332695661669, 0.10530617659511744], "6": [6, -1.6613132037686822, 0.08393248666336965], "7": [7, -2.050121987518289, 0.1954761223688091], "8": [8, -3.1650789286506957, 0.409575547182127], "9": [9, -3.514608848673297, 0.30490430413533837], "10": [10, 2.752811595687424, 0.2180892238518877], "11": [11, 1.9860807903532827, 0.08639569369595784]}