{"0": [0, 1.6587520348093654, 0.15300862989927955], "1": [1, 0.6842423317930552, 0.1283679468190103], "2": [2, 0.2728908510628934, 0.1668143708034237], "3": [3, -1.1113229568630598, 0.11491972599432608], "4": [4, -1.5699890760529382, 0.01625167843666009], "5": [5, -1.8485606839325062, 1.2280079479674775], "6": [6, -3.7228912193075683, 1.2893117771993192], "7": [7, 2.1852509079087716, 0.2127171824601524]}