{"0": [0, 1.7232486436013665, 0.07542017457527732], "1": [1, 1.3468454051211567, 0.2910922631504176], "2": [2, 0.8859757728017366, 0.4955599273160568], "3": [3, -0.3248110403908412, 0.09271148867291608], "4": [4, -1.1998738153144992, 0.12411245586452811], "5": [5, -1.634899953097582, 0.07994160467608723], "6": [6, -2.1029667959259815, 0.16295016059060036], "7": [7, -2.6821794989147243, 0.21368252092701248], "8": [8, 2.728726030580911, 0.2527455144556378], "9": [9, 2.19505092350851, 0.08377289573584833]}