{"0": [0, 1.7147523859965499, 0.06494426073034014], "1": [1, 0.8283726417860602, 0.48146742174435797], "2": [2, -0.4477476129510866, 0.37969348487515076], "3": [3, -1.6332584568053012, 0.04556017173180227], "4": [4, -2.745379112348541, 0.21595527944060544], "5": [5, 2.4410981043695905, 0.19779726019789928]}