{"0": [0, 1.2559953645504511, 0.14703536248584112], "1": [1, 0.45234518377675864, 0.20412471944754734], "2": [2, -0.0401834808665671, 0.16243304887794102], "3": [3, -0.569632384045042, 0.3920234812340356], "4": [4, -0.8228058078152907, 0.3754633899501733], "5": [5, -1.5922757733901507, 0.13606547453357556], "6": [6, -2.3019675203269565, 0.39746281671891687], "7": [7, -2.7598007141815044, 0.5221068345363133], "8": [8, 2.9910009493656498, 0.10836128480618586], "9": [9, 2.4386627336500455, 0.32504643814474593]}