{"0": [0, 1.8000558530614623, 0.08088609948728208], "1": [1, 1.2299309156969733, 0.4738315212275518], "2": [2, 0.7546822700816465, 0.28762075766761774], "3": [3, 0.026721889134868355, 0.3950190452857559], "4": [4, -0.2591665884992538, 0.08912677108567982], "5": [5, -1.1403134776597794, 0.2374415238594456], "6": [6, -1.614535000779992, 0.04372494058973303], "7": [7, -1.9712115495313882, 0.12566934348302644], "8": [8, -2.8778532460020294, 0.24777355175098073], "9": [9, -3.2660625094330866, 0.041201239991566635], "10": [10, 2.717566953563973, 0.26292027745883106], "11": [11, 2.2184437855575885, 0.6931989227046904]}