{"0": [0, 1.4988604091181918, 0.05495356066322319], "1": [1, 1.043715353701598, 0.11146650366541953], "2": [2, -0.6376994166880237, 0.2584908849718804], "3": [3, -1.6359038725945954, 0.039699132538036884], "4": [4, -2.8550311397306682, 0.16252277163023404], "5": [5, 2.3119667421739694, 0.4653551693548186]}