{"0": [0, 1.5843109359573526, 0.012484533707287842], "1": [1, 0.5854085801324406, 0.1483493811015948], "2": [2, -1.561532009734888, 0.03700989230940124], "3": [3, -3.4281082963449414, 0.13902546182948197]}