{"0": [0, 1.5344645772553558, 0.020516649822618065], "1": [1, 1.2813745018484504, 0.03437520863790995], "2": [2, 0.8126984839351289, 0.17085607547297832], "3": [3, 0.13891146574423063, 0.14367302958944236], "4": [4, -0.05827783504347853, 0.42043580411779835], "5": [5, -1.3462228239151384, 0.07716523005355434], "6": [6, -1.6909193728099041, 0.031579739527676925], "7": [7, -2.040397264676737, 0.12770879694446868], "8": [8, -3.236041491323082, 0.15553045518952602], "9": [9, -3.430210836254262, 0.1436519743980913], "10": [10, 2.0988799274257026, 0.09571522429761027], "11": [11, 1.7803641369599952, 0.024513786682316463]}