{"0": [0, 1.5530020413553225, 0.022848471130044196], "1": [1, 1.3764550151523063, 0.089268438221479], "2": [2, 0.8212105441899613, 0.0728355596102835], "3": [3, 0.16476114220485522, 0.40029131337407], "4": [4, -0.11983502996914219, 0.7016095948915825], "5": [5, -1.3149104523956265, 0.07019287430534278], "6": [6, -1.621646997283035, 0.08039098320761093], "7": [7, -1.8253000976772409, 0.09109032886016571], "8": [8, -2.7876705063772103, 0.6964954220627715], "9": [9, -3.470073334288575, 0.10468445660296641], "10": [10, 2.4817806385080714, 0.32905817741886456], "11": [11, 1.8281311257169306, 0.08313319154901476]}