{"0": [0, 1.5807873318575356, 0.06260878732121014], "1": [1, 1.1585214427935266, 0.14159895226242228], "2": [2, -1.1130441047578417, 0.3102631411564979], "3": [3, -1.6933047580837932, 0.018590776225765604], "4": [4, -2.9212363281883422, 0.44612631725344926], "5": [5, 1.886830388189614, 0.08978954531577744]}