{"0": [0, 1.4140732277635775, 0.7075614944236043], "1": [1, 1.010650931042272, 0.41533974845183824], "2": [2, 0.9576897093042682, 0.30214259131511706], "3": [3, 0.4092315781315278, 0.36031845205392915], "4": [4, -0.5136643324949898, 0.31803288272699437], "5": [5, -1.1500446858556388, 0.09018350079802541], "6": [6, -1.5676268361547956, 0.037772206681668044], "7": [7, -2.287404590888163, 0.23967385151994156], "8": [8, -2.7485856381584695, 0.2706868791266234], "9": [9, -3.461496605544162, 0.1622913421803782], "10": [10, 2.5473249344857605, 0.10891484382541232], "11": [11, 2.3601479073226206, 0.09666533240257447]}