{"0": [0, 1.6219640122957877, 0.03182158618242072], "1": [1, 1.0912202592620441, 0.3236261473602044], "2": [2, 0.3294512656358708, 0.14394364179749067], "3": [3, -0.45625923763481724, 0.5295516948247835], "4": [4, -0.7319627803941285, 0.2353119967434883], "5": [5, -1.2824234264195247, 0.12591810490913172], "6": [6, -1.5336781145386904, 0.09080699524270787], "7": [7, -1.8968140584258095, 0.11519626614375494], "8": [8, -2.6852436657531427, 0.31803408394425187], "9": [9, -2.8889950417762846, 0.2211979163144543], "10": [10, 2.547579471276676, 0.11822820218683296], "11": [11, 2.1028712688904205, 0.16062552298047]}