{"0": [0, 1.6278321874714883, 0.042092105559057076], "1": [1, 0.21908059282140302, 0.28397571062036736], "2": [2, -1.5976585892525137, 0.09936187224050853], "3": [3, -3.3012989086934605, 0.09712298965705884]}