{"0": [0, 1.592223609476727, 0.01621211039947746], "1": [1, 0.8925304972925354, 0.3154199573431002], "2": [2, 0.49276186927060184, 0.1212435577110115], "3": [3, -0.5756146149287861, 0.45562124849744556], "4": [4, -1.2812663995350106, 0.042646770157347684], "5": [5, -1.5259807546639144, 0.04758270276855334], "6": [6, -2.1211376919931033, 0.17830589190903598], "7": [7, -2.108883876560744, 1.1258428818796067], "8": [8, 2.493226235683576, 0.05936077274166907], "9": [9, 2.043892437422721, 0.13868113017260347]}