{"0": [0, 1.7627117896343711, 0.07268738711879669], "1": [1, 0.8826331326992138, 0.24763342073370978], "2": [2, -0.8094639632739578, 0.42539246983692786], "3": [3, -1.610237668057421, 0.07100366288488955], "4": [4, -2.681899697674487, 0.221079454872293], "5": [5, 2.7384020269320044, 0.27467863941555026]}