{"0": [0, 1.6863736182977256, 0.09117910096671068], "1": [1, 0.9652830207186648, 0.07082456574113163], "2": [2, -0.6289727503136916, 0.3256895099750651], "3": [3, -1.6589800170608036, 0.07712119093546937], "4": [4, -2.5638307115943335, 0.29440140137061704], "5": [5, 2.4273328734264052, 0.15937799791208743]}