{"0": [0, 1.621976758791941, 0.07021499485422658], "1": [1, 0.1710005036142136, 0.12965396933937023], "2": [2, -1.4249862165981788, 0.030703757048367926], "3": [3, -3.234928000465139, 0.14321060990276302]}