{"0": [0, 1.5838128343723146, 0.045910085827241084], "1": [1, 0.9171202300279797, 0.2402518015871441], "2": [2, 0.3322480409907391, 0.16545897928558523], "3": [3, -0.014791030905444685, 0.13936497137243098], "4": [4, -0.8469447640169552, 0.3610125848365166], "5": [5, -1.2568145908750143, 0.06662213954459495], "6": [6, -1.5514328339507748, 0.027398837595350545], "7": [7, -2.03665037244827, 0.05587661601895613], "8": [8, -2.707982837473132, 0.18364584212524634], "9": [9, -3.1942310972091326, 0.05724475380182263], "10": [10, 2.662817667532196, 0.15821603872401752], "11": [11, 2.0097066199362326, 0.07057232696626957]}