{"0": [0, 1.5917428742481365, 0.07689272765032193], "1": [1, 0.8020727824541273, 0.452575267701853], "2": [2, 0.44319766549278555, 0.8614799121288027], "3": [3, -1.7301686448865228, 0.08881790138766764], "4": [4, -3.1294045165221394, 0.17226543419114723], "5": [5, 1.9914168363882283, 0.11917238358362428]}