{"0": [0, 1.5211842452980886, 0.03616017415682482], "1": [1, 1.7116532564163058, 1.1825050771493772], "2": [2, 0.49989611037866916, 0.20776938785756888], "3": [3, -0.014971172531253652, 0.13669628233811673], "4": [4, -1.2214582377612968, 0.14789295997195767], "5": [5, -1.7294893619720455, 0.02974357666647651], "6": [6, -1.709503620158942, 1.089766281709237], "7": [7, -3.1973581807041325, 0.07711137748905712], "8": [8, 2.3125073148504818, 0.296087007876014], "9": [9, 1.8080130586698373, 0.09691218569778653]}