{"0": [0, 1.61332377998781, 0.025458421871410196], "1": [1, 1.1651347909978769, 0.1499367984464318], "2": [2, 0.7539183977721312, 0.6127454180993391], "3": [3, 0.3196979679090008, 0.24448951398298358], "4": [4, -0.5110968445754334, 0.6060105074664781], "5": [5, -1.5767300831150568, 0.12890112329009631], "6": [6, -1.776561053998913, 0.05799542112141513], "7": [7, -2.396310540158465, 0.3141940724436825], "8": [8, -3.0865497451064883, 0.13451517770479235], "9": [9, -3.818855083319958, 0.47369165785115686], "10": [10, 1.8808537869689688, 0.28185736699529146], "11": [11, 1.8185414971545164, 0.03626769674902321]}