{"0": [0, 1.4486011586937098, 0.07648215183235205], "1": [1, 0.3933512154173986, 0.08806308636295145], "2": [2, -0.05840250475606513, 0.09506423136857824], "3": [3, -0.7204713529242078, 0.12035859595812369], "4": [4, -1.6408207724715833, 0.046678439817577584], "5": [5, -2.5053846536211575, 0.19350063729963404], "6": [6, -3.1189805050033916, 0.05728450970212753], "7": [7, 2.5086720061745384, 0.29755392825187676]}