{"0": [0, 1.6195579652250638, 0.02615619043446915], "1": [1, 0.052662361227927154, 0.22298925906139902], "2": [2, -1.6126729818804832, 0.02777277860776947], "3": [3, -3.2322961936366665, 0.156571997550148]}