{"0": [0, 1.6347216672556975, 0.024726780084619187], "1": [1, 0.9712872513944728, 0.2758606692893181], "2": [2, 0.7605362827432204, 0.06266517766071876], "3": [3, -0.47700131741717156, 0.4759677315009502], "4": [4, -1.1381869967470593, 0.1747363696591013], "5": [5, -1.6990910196271358, 0.0325829916953553], "6": [6, -2.339304528889399, 0.1909171293956123], "7": [7, -2.7014566305652705, 0.19522069285097746], "8": [8, 2.4868115935386474, 0.33476006493236565], "9": [9, 2.0401041702049185, 0.049761255839145487]}