{"0": [0, 1.6027031295570247, 0.0463103468686341], "1": [1, 1.205679938493835, 0.09779347999344296], "2": [2, 0.6454747205664253, 0.2552005106866279], "3": [3, -1.14989667243696, 0.08685280506598571], "4": [4, -1.5368812609912041, 0.06188040086659453], "5": [5, -2.2523079542505497, 0.15709996459129602], "6": [6, -3.497929226535704, 0.17839304623183644], "7": [7, 2.0487862360124107, 0.13429421959225946]}